{"cameraMode":{"drawMode":0,"name":"Shaded","section":"Shading Mode"},"sceneLighting":true,"audioPlay":false,"sceneViewState":{"m_AlwaysRefresh":false,"showFog":false,"showSkybox":false,"showFlares":false,"showImageEffects":true,"showParticleSystems":true,"showVisualEffectGraphs":true,"m_FxEnabled":true},"in2DMode":false,"pivot":{"x":-0.1959472894668579,"y":-0.05521344766020775,"z":0.9317725896835327},"rotation":{"x":0.19834467768669129,"y":-0.1854468137025833,"z":0.038248009979724887,"w":0.9616702795028687},"size":6.008662223815918,"orthographic":false}