{"cameraMode":{"drawMode":0,"name":"Shaded","section":"Shading Mode"},"sceneLighting":true,"audioPlay":false,"sceneViewState":{"m_AlwaysRefresh":false,"showFog":false,"showSkybox":false,"showFlares":false,"showImageEffects":true,"showParticleSystems":true,"showVisualEffectGraphs":true,"m_FxEnabled":true},"in2DMode":false,"pivot":{"x":0.4919990301132202,"y":1.3582134246826172,"z":0.40546637773513796},"rotation":{"x":0.05936708673834801,"y":-0.21977326273918153,"z":0.013399843126535416,"w":0.9736536145210266},"size":1.7148756980895997,"orthographic":false}