{"cameraMode":{"drawMode":0,"name":"Shaded","section":"Shading Mode"},"sceneLighting":true,"audioPlay":false,"sceneViewState":{"m_AlwaysRefresh":false,"showFog":false,"showSkybox":false,"showFlares":false,"showImageEffects":true,"showParticleSystems":true,"showVisualEffectGraphs":true,"m_FxEnabled":true},"in2DMode":false,"pivot":{"x":-2.5663208961486818,"y":3.5294487476348879,"z":-2.549638271331787},"rotation":{"x":0.12197074294090271,"y":-0.4189237058162689,"z":0.05690085142850876,"w":0.8979916572570801},"size":1.5369452238082886,"orthographic":true}